 'ORIGIN',Latitude (generated),Longitude (generated)
'ZYR',,
'ZYL',24.9632,91.8668
'ZYK',22.47628955,113.9127408
'ZYI',27.5895,107.0007
'ZWS',48.78337223,9.182283222
'ZWE',51.2173246,4.421118917
'ZVJ',,
'ZUH',22.0064,113.376
'ZTH',37.7509,20.8843
'ZSB',,
'ZSA',24.0633,-74.524
'ZRH',47.4647,8.5492
'ZQZ',40.7386,114.93
'ZQN',-45.0211,168.739
'ZOS',-40.6112,-73.061
'ZNZ',-6.222,39.2249
'ZNE',-23.4178,119.803
'ZLP',,
'ZLO',19.1448,-104.559
'ZLN',,
'ZIU',,
'ZIH',17.6016,-101.461
'ZIA',55.5533,38.15
'ZHY',37.5731,105.1545
'ZHA',21.2144,110.358
'ZFQ',,
'ZDH',,
'ZCO',-38.9259,-72.6515
'ZCL',22.8971,-102.687
'ZBF',47.6297,-65.7389
'ZAZ',41.6662,-1.0416
'ZAT',27.3256,103.755
'ZAQ',,
'ZAL',-39.65,-73.0861
'ZAG',45.7429,16.0688
'ZAD',44.1083,15.3467
'YZZ',49.0556,-117.609
'YZY',38.8019,100.675
'YZV',50.2233,-66.2656
'YZT',50.6806,-127.367
'YZR',42.9994,-82.3089
'YZP',53.2543,-131.814
'YZG',62.1794,-75.6672
'YZF',62.4628,-114.44
'YYZ',43.6772,-79.6306
'YYY',48.6086,-68.2081
'YYT',47.6186,-52.7519
'YYR',53.3192,-60.4258
'YYJ',48.6469,-123.426
'YYG',46.29,-63.1211
'YYF',49.4631,-119.602
'YYE',58.8364,-122.597
'YYD',54.8247,-127.183
'YYC',51.1139,-114.02
'YYB',46.3636,-79.4228
'YXY',60.7096,-135.067
'YXX',49.0253,-122.361
'YXU',43.0356,-81.1539
'YXT',54.4685,-128.576
'YXS',53.8894,-122.679
'YXL',50.1139,-91.9053
'YXJ',56.2381,-120.74
'YXH',50.0189,-110.721
'YXE',52.1708,-106.7
'YXC',49.6108,-115.782
'YWL',52.1831,-122.054
'YWK',52.9219,-66.8644
'YWG',49.91,-97.2399
'YWB',61.5886,-71.9294
'YVR',49.1939,-123.184
'YVP',58.0961,-68.4269
'YVO',48.0533,-77.7828
'YUY',48.2061,-78.8356
'YUS',32.8364,97.0364
'YUM',32.6566,-114.606
'YUL',45.4706,-73.7408
'YUD',56.5361,-76.5183
'YTZ',43.6275,-79.3962
'YTY',32.5634,119.7198
'YTS',48.5697,-81.3767
'YTO',43.67788827,-79.62477678
'YTM',46.4094,-74.78
'YSQ',44.95959008,124.5571363
'YSJ',45.3161,-65.8903
'YSB',46.625,-80.7989
'YQZ',53.0261,-122.51
'YQY',46.1614,-60.0478
'YQX',48.9369,-54.5681
'YQU',55.1797,-118.885
'YQT',48.3719,-89.3239
'YQR',50.4319,-104.666
'YQQ',49.7108,-124.887
'YQM',46.1122,-64.6786
'YQL',49.6303,-112.8
'YQK',49.7883,-94.3631
'YQG',42.2756,-82.9556
'YQB',46.7911,-71.3933
'YPX',60.0506,-77.2869
'YPR',54.2861,-130.445
'YPH',58.4719,-78.0769
'YOW',45.3225,-75.6692
'YOJ',58.6214,-117.165
'YNZ',33.4258,120.2031
'YNY',38.0613,128.669
'YNT',37.4017,121.372
'YNJ',42.8828,129.451
'YNB',24.1442,38.0634
'YMO',51.2911,-80.6078
'YMN',55.0769,-59.1864
'YMM',56.6533,-111.222
'YLW',49.9561,-119.378
'YLL',53.3092,-110.073
'YKS',62.0933,129.771
'YKM',46.5682,-120.544
'YKH',40.5425,122.3586
'YKG',60.0272,-69.9992
'YKF',43.4608,-80.3786
'YKA',50.7022,-120.444
'YIW',29.3447,120.032
'YIN',43.9558,81.3303
'YIK',62.4173,-77.9253
'YIH',30.5566,111.48
'YIE',47.3106,119.9117
'YIC',27.8025,114.3062
'YHZ',44.8808,-63.5086
'YHY',60.8397,-115.783
'YHM',43.1736,-79.935
'YGW',55.2819,-77.7653
'YGR',47.4247,-61.7781
'YGP',48.7753,-64.4786
'YGK',44.2253,-76.5969
'YGJ',35.4922,133.236
'YFS',61.7602,-121.237
'YFI',57.2758,-110.9767
'YFC',45.8689,-66.5372
'YFB',63.7564,-68.5558
'YEV',68.3042,-133.483
'YEG',53.3097,-113.58
'YDQ',55.7423,-120.183
'YDF',49.2108,-57.3914
'YCU',35.1164,111.0314
'YCG',49.2964,-117.632
'YCD',49.055,-123.8699
'YBR',49.91,-99.9519
'YBP',28.8006,104.545
'YBL',49.9508,-125.271
'YBG',48.3306,-70.9964
'YBC',49.1325,-68.2044
'YAY',51.3919,-56.0831
'YAT',52.9275,-82.4319
'YAM',46.485,-84.5094
'YAK',59.5033,-139.66
'YAG',48.6542,-93.4397
'YAC',51.7272,-91.8244
'XZZ',,
'XZI',,
'XYI',,
'XYD',,
'XWG',,
'XUZ',34.0591,117.5553
'XTI',,
'XSH',,
'XRY',36.7446,-6.0601
'XRF',,
'XQA',,
'XPG',,
'XOP',,
'XOJ',,
'XOC',,
'XNN',36.5275,102.043
'XNB',,
'XNA',36.2819,-94.3068
'XMN',24.544,118.128
'XJY',,
'XJU',,
'XJR',,
'XIZ',,
'XIY',34.4471,108.752
'XIV',,
'XIL',43.9156,115.964
'XIC',27.9891,102.184
'XFN',32.1506,112.291
'XER',,
'XDS',,
'XDB',,
'XCH',-10.4506,105.69
'XAP',-27.1342,-52.6566
'XAI',,
'WYA',-33.0589,137.514
'WXN',30.8017,108.433
'WWK',-3.5838,143.669
'WWI',-21.6628,121.234
'WVB',-22.9799,14.6453
'WUX',31.4944,120.429
'WUT',,
'WUS',27.7019,118.001
'WUH',30.7838,114.208
'WUA',39.7934,106.7993
'WTB',-27.5583,151.7933
'WRO',51.1027,16.8858
'WRG',56.4843,-132.37
'WRE',-35.7683,174.365
'WNZ',27.9122,120.852
'WNH',23.5583,104.3255
'WMT',,
'WLS',-13.2383,-176.199
'WLP',-23.1356,118.7072
'WLG',-41.3272,174.805
'WLE',-26.8083,150.175
'WJU',37.4381,127.96
'WIC',58.4589,-3.0931
'WGN',,
'WGA',-35.1653,147.466
'WEI',-12.6786,141.925
'WEH',37.1871,122.229
'WEF',36.6467,119.119
'WDS',32.5917,110.9078
'WDH',-22.4799,17.4709
'WAW',52.1657,20.9671
'WAE',20.5043,45.1996
'VXO',56.9291,14.728
'VXE',16.8332,-25.0553
'VVO',43.399,132.148
'VVI',-17.6448,-63.1354
'VVC',4.1679,-73.6138
'VUP',10.435,-73.2495
'VTZ',17.7212,83.2245
'VTE',17.9883,102.563
'VSA',17.997,-92.8174
'VRN',45.3957,10.8885
'VRA',23.0344,-81.4353
'VPY',-19.1513,33.429
'VPS',30.4832,-86.5254
'VOZ',51.8142,39.2296
'VOG',48.7825,44.3455
'VNX',-22.0184,35.3133
'VNS',25.4524,82.8593
'VNO',54.6341,25.2858
'VLN',10.1497,-67.9284
'VLL',41.7061,-4.8519
'VLI',-17.6993,168.32
'VLC',39.4893,-0.4816
'VKO',55.5915,37.2615
'VKG',9.958,105.1324
'VIX',-20.2581,-40.2864
'VIN',49.2425,28.6138
'VIL',23.7183,-15.932
'VII',18.7376,105.671
'VIE',48.1103,16.5697
'VHM',64.5791,16.8336
'VGO',42.2318,-8.6268
'VGA',16.5304,80.7968
'VFA',-18.0959,25.839
'VER',19.1459,-96.1873
'VDS',70.0653,29.8447
'VDM',-40.8692,-63.0004
'VDH',17.515,106.5906
'VDE',27.8148,-17.8871
'VDC',-14.8628,-40.8631
'VDA',29.9403,34.9358
'VCS',8.7318,106.633
'VCP',-23.0074,-47.1345
'VCL',15.4033,108.706
'VCE',45.5053,12.3519
'VCA',10.0851,105.712
'VBY',57.6628,18.3462
'VBT',,
'VAW',70.3554,31.0449
'VAV',-18.5853,-173.962
'VAS',39.8138,36.9035
'VAR',43.2321,27.8251
'VAN',38.4682,43.3323
'VAA',63.0507,21.7622
'UYU',-20.4463,-66.8484
'UYN',38.3597,109.5909
'UVF',13.7332,-60.9526
'UUS',46.8887,142.718
'UUD',51.8078,107.438
'UTT',-31.5464,28.6734
'UTP',12.6799,101.005
'UTN',-28.3991,21.2602
'UTH',17.3864,102.788
'USR',64.55,143.115
'USQ',38.6815,29.4717
'USN',35.5935,129.352
'USM',9.5478,100.062
'USH',-54.8433,-68.2958
'URY',31.4124,37.2789
'URT',9.1326,99.1356
'URO',49.3842,1.1748
'URC',43.9071,87.4742
'URA',51.1508,51.5431
'UPG',-5.0616,119.554
'UME',63.7918,20.2828
'ULY',54.401,48.8027
'ULV',54.2683,48.2267
'ULN',47.8431,106.767
'ULH',26.48,38.1289
'UKK',50.0366,82.4942
'UKB',34.6328,135.224
'UIP',47.975,-4.1678
'UIO',-0.1292,-78.3575
'UII',16.1131,-86.8803
'UIH',13.955,109.042
'UGC',41.5843,60.6417
'UFA',54.5575,55.8744
'UET',30.2514,66.9378
'UDR',24.6177,73.8961
'UDI',-18.8836,-48.2253
'UCB',,
'UBP',15.2513,104.87
'UAQ',-31.5715,-68.4182
'TZX',40.9951,39.7897
'TYS',35.811,-83.994
'TYR',32.3541,-95.4024
'TYN',37.7469,112.628
'TYL',-4.5766,-81.2541
'TXN',29.7333,118.256
'TXL',52.5597,13.2877
'TXK',33.4537,-93.991
'TWU',4.3202,118.128
'TVU',-16.6906,-179.877
'TVS',39.7178,118.0026
'TVC',44.7414,-85.5822
'TUU',28.3654,36.6189
'TUS',32.1161,-110.941
'TUP',34.2681,-88.7699
'TUO',-38.7397,176.084
'TUN',36.851,10.2272
'TUL',36.1984,-95.8881
'TUK',25.9864,63.0302
'TUI',31.6922,38.7315
'TUC',-26.8409,-65.1049
'TTE',0.8314,127.381
'TSV',-19.2525,146.765
'TSR',45.8099,21.3379
'TSN',39.1244,117.346
'TSE',51.0222,71.4669
'TSA',25.0694,121.552
'TRZ',10.7654,78.7097
'TRW',1.3816,173.147
'TRV',8.4821,76.9201
'TRU',-8.0814,-79.1088
'TRS',45.8275,13.4722
'TRN',45.2008,7.6496
'TRK',3.3267,117.5694
'TRI',36.4752,-82.4074
'TRG',-37.6719,176.196
'TRF',59.1867,10.2586
'TRD',63.4578,10.924
'TRC',25.5683,-103.411
'TPS',37.9114,12.488
'TPP',-6.5087,-76.3732
'TPE',25.0777,121.233
'TPA',27.9755,-82.5332
'TOY',36.6483,137.188
'TOS',69.6833,18.9189
'TOL',41.5868,-83.8078
'TOF',56.3803,85.2083
'TOE',33.9397,8.1106
'TNR',-18.7969,47.4788
'TNN',22.9504,120.206
'TNJ',0.9227,104.532
'TNH',42.2539,125.7033
'TNG',35.7269,-5.9169
'TNA',36.8572,117.216
'TMW',-31.0839,150.847
'TMS',0.3782,6.7122
'TMP',61.4141,23.6044
'TMM',-18.1095,49.3925
'TMC',-9.4097,119.244
'TLV',32.0114,34.8867
'TLS',43.6291,1.3638
'TLQ',43.0308,89.0987
'TLN',43.0973,6.146
'TLM',35.0167,-1.45
'TLL',59.4133,24.8328
'TLH',30.3965,-84.3503
'TLE',-23.3834,43.7285
'TLC',19.3371,-99.566
'TKU',60.5141,22.2628
'TKS',34.1328,134.607
'TKK',7.4619,151.843
'TKG',-5.2406,105.1756
'TJQ',-2.7457,107.755
'TJM',57.1896,65.3243
'TJL',-20.7542,-51.6842
'TIV',42.4047,18.7233
'TIR',13.6325,79.5433
'TIN',27.7004,-8.1671
'TIM',-4.5283,136.887
'TIJ',32.5411,-116.97
'TIF',21.483,40.5434
'TIA',41.4147,19.7206
'THQ',34.5594,105.86
'THJ',,
'THE',-5.0599,-42.8235
'THD',,
'TGZ',16.5636,-93.0225
'TGU',14.0609,-87.2172
'TGO',43.5567,122.2
'TGG',5.3826,103.103
'TGD',42.3594,19.2519
'TFS',28.0445,-16.5725
'TFN',28.4827,-16.3415
'TEZ',26.7091,92.7847
'TET',-16.1048,33.6402
'TER',38.7618,-27.0908
'TEQ',41.1382,27.9191
'TEN',27.8833,109.3089
'TDX',12.2746,102.319
'TCZ',24.9381,98.4858
'TCQ',-18.0533,-70.2758
'TCO',1.8144,-78.7492
'TCG',46.6725,83.3408
'TCA',-19.6344,134.183
'TBZ',38.1339,46.235
'TBU',-21.2412,-175.15
'TBS',41.6692,44.9547
'TBP',-3.5525,-80.3814
'TBB',13.0496,109.334
'TAY',58.3075,26.6904
'TAS',41.2579,69.2812
'TAP',14.7943,-92.37
'TAO',36.2661,120.374
'TAM',22.2964,-97.8659
'TAK',34.2142,134.016
'TAH',-19.4551,169.224
'TAG',9.6641,123.853
'TAE',35.8941,128.659
'TAC',11.2276,125.028
'TAB',11.1497,-60.8322
'SZZ',53.5847,14.9022
'SZX',22.6393,113.811
'SZV',31.2631,120.401
'SZK',-24.9609,31.5887
'SZG',47.7933,13.0043
'SZF',41.2545,36.5671
'SZB',3.1306,101.549
'SYZ',29.5392,52.5898
'SYY',58.2156,-6.3311
'SYX',18.3029,109.412
'SYR',43.1112,-76.1063
'SYO',38.8122,139.787
'SYM',22.7933,100.959
'SYD',-33.9461,151.177
'SXR',33.9871,74.7742
'SXM',18.041,-63.1089
'SXF',52.38,13.5225
'SXB',48.5383,7.6282
'SWO',36.1612,-97.0857
'SWF',41.5041,-74.1048
'SWA',23.552,116.5033
'SVX',56.7431,60.8027
'SVU',-16.8028,179.341
'SVQ',37.418,-5.8931
'SVO',55.9726,37.4146
'SVJ',68.2433,14.6692
'SVG',58.8767,5.6378
'SVD',13.1443,-61.2109
'SUX',42.4026,-96.3844
'SUV',-18.0433,178.559
'SUN',43.5044,-114.296
'SUJ',47.7033,22.8857
'SUF',38.9054,16.2423
'SUB',-7.3798,112.787
'STX',17.7019,-64.7986
'STW',45.1092,42.1128
'STV',21.1141,72.7418
'STT',18.3373,-64.9734
'STS',38.509,-122.813
'STR',48.6899,9.222
'STN',51.885,0.235
'STM',-2.4247,-54.7858
'STL',38.7487,-90.37
'STI',19.4061,-70.6047
'SSJ',65.9568,12.4689
'SSH',27.9773,34.395
'SSG',3.7553,8.7087
'SSA',-12.9086,-38.3225
'SRQ',27.3954,-82.5544
'SRP',59.7919,5.3408
'SRI',-0.4845,117.157
'SRG',-6.9727,110.375
'SQJ',26.4263,117.8336
'SQG',0.0636,111.473
'SQD',28.3797,117.9643
'SPU',43.5389,16.298
'SPS',33.9888,-98.4919
'SPR',17.9139,-87.9711
'SPN',15.119,145.729
'SPI',39.8441,-89.6779
'SPD',25.7592,88.9089
'SPC',28.6265,-17.7556
'SOU',50.9503,-1.3568
'SOQ',-0.894,131.287
'SON',-15.505,167.22
'SOJ',69.7868,20.9594
'SOG',61.1561,7.1378
'SOF',42.6967,23.4114
'SOC',-7.5161,110.757
'SOB',46.6864,17.1591
'SNU',22.4922,-79.9436
'SNR',47.3122,-2.1492
'SNN',52.702,-8.9248
'SNA',33.6757,-117.868
'SMR',11.1196,-74.2306
'SMI',37.69,26.9117
'SMF',38.6954,-121.591
'SMA',36.9714,-25.1706
'SLZ',-2.5854,-44.2341
'SLY',66.5908,66.611
'SLW',25.5495,-100.929
'SLV',31.0818,77.068
'SLU',14.0202,-60.9929
'SLP',22.2543,-100.931
'SLL',17.0387,54.0913
'SLJ',-22.2554,117.7627
'SLC',40.7884,-111.978
'SLA',-24.856,-65.4862
'SKZ',27.722,68.7917
'SKX',54.1251,45.2123
'SKU',38.9676,24.4872
'SKT',32.5356,74.3639
'SKP',41.9616,21.6214
'SKN',68.5788,15.0334
'SKG',40.5197,22.9709
'SKD',39.7005,66.9838
'SKB',17.3112,-62.7187
'SJZ',38.6655,-28.1758
'SJW',38.2807,114.697
'SJU',18.4394,-66.0018
'SJT',31.3577,-100.496
'SJP',-20.8166,-49.4065
'SJO',9.9939,-84.2088
'SJJ',43.8246,18.3315
'SJD',23.1518,-109.721
'SJC',37.3626,-121.929
'SIT',57.0471,-135.362
'SIS',-27.6486,22.9993
'SIR',46.2196,7.3268
'SIP',45.0522,33.9751
'SIN',1.3502,103.994
'SID',16.7414,-22.9494
'SHW',17.4669,47.1214
'SHV',32.4466,-93.8256
'SHO',38.1426,128.599
'SHL',25.7036,91.9787
'SHJ',25.3286,55.5172
'SHF',44.2421,85.8905
'SHE',41.6398,123.483
'SHA',31.1979,121.336
'SGU',37.0364,-113.5103
'SGN',10.8188,106.652
'SGF',37.2457,-93.3886
'SGD',54.9644,9.7917
'SGC',61.3437,73.4018
'SFT',64.6248,21.0769
'SFO',37.619,-122.375
'SFN',-31.7117,-60.8117
'SFL',14.885,-24.48
'SFJ',67.0122,-50.7116
'SFG',18.0999,-63.0472
'SFA',34.718,10.691
'SEZ',-4.6743,55.5218
'SEU',-2.4581,34.8225
'SEN',51.5714,0.6956
'SEA',47.449,-122.309
'SDV',32.1147,34.7822
'SDU',-22.9105,-43.1631
'SDR',43.4271,-3.82
'SDQ',18.4297,-69.6689
'SDP',55.315,-160.523
'SDN',61.83,6.1058
'SDL',62.5281,17.4439
'SDK',5.9009,118.059
'SDJ',38.1397,140.917
'SDF',38.1744,-85.736
'SDE',-27.7656,-64.31
'SCY',-0.9102,-89.6174
'SCW',61.647,50.8451
'SCV',47.6875,26.3541
'SCU',19.9698,-75.8354
'SCQ',42.8963,-8.4151
'SCO',43.8601,51.092
'SCN',49.2146,7.1095
'SCL',-33.393,-70.7858
'SCE',40.8493,-77.8487
'SCC',70.1947,-148.465
'SBZ',45.7856,24.0913
'SBY',38.3405,-75.5103
'SBW',2.2616,111.985
'SBP',35.2368,-120.642
'SBN',41.7087,-86.3173
'SBH',17.9044,-62.8436
'SBA',34.4262,-119.84
'SAW',40.8986,29.3092
'SAV',32.1276,-81.2021
'SAT',29.5337,-98.4698
'SAP',15.4526,-87.9236
'SAN',32.7336,-117.19
'SAL',13.4409,-89.0557
'SAG',,
'SAF',35.6171,-106.089
'SAB',17.645,-63.22
'RZG',,
'RZE',50.11,22.019
'RYK',28.3839,70.2796
'RVN',66.5648,25.8304
'RVK',64.8383,11.1461
'RUN',-20.8871,55.5103
'RUH',24.9576,46.6988
'RTW',51.565,46.0467
'RTM',51.9569,4.4372
'RTB',16.3168,-86.523
'RSW',26.5362,-81.7552
'RSU',34.8423,127.617
'RST',43.9083,-92.5
'RSA',-36.5883,-64.2757
'RRS',62.5784,11.3423
'RQA',,
'RPR',21.1804,81.7388
'ROW',33.3016,-104.531
'ROV',47.2582,39.8181
'ROT',-38.1092,176.317
'ROS',-32.9036,-60.785
'ROR',7.3677,134.544
'ROO',-16.586,-54.7248
'ROK',-23.3819,150.475
'ROC',43.1189,-77.6724
'ROB',6.2338,-10.3623
'ROA',37.3255,-79.9754
'RNS',48.0695,-1.7348
'RNO',39.4991,-119.768
'RNN',55.0633,14.7596
'RNB',56.2667,15.265
'RMQ',24.2647,120.621
'RMI',44.0203,12.6117
'RMF',25.5571,34.5837
'RMA',-26.545,148.775
'RLK',40.926,107.7428
'RLG',53.9182,12.2783
'RKZ',29.3519,89.3114
'RKV',64.13,-21.9406
'RKT',25.6135,55.9388
'RJL',42.461,-2.3222
'RJK',45.2169,14.5703
'RJH',24.4372,88.6165
'RJA',17.1104,81.8182
'RIZ',9.4247,-78.6269
'RIX',56.9236,23.9711
'RIC',37.5052,-77.3197
'RHT',39.2133,101.6442
'RHO',36.4054,28.0862
'RHD',-27.4966,-64.936
'RGS',42.3576,-3.6208
'RGN',16.9073,96.1332
'RGL',-51.6089,-69.3126
'RGK',51.9667,85.8333
'RGA',-53.7777,-67.7494
'RFP',-16.7229,-151.466
'REX',26.0089,-98.2285
'REU',41.1474,1.1672
'RET',67.5278,12.1033
'RES',-27.45,-59.0561
'REP',13.4107,103.813
'REN',51.7958,55.4567
'REL',-43.2105,-65.2703
'REG',38.0712,15.6516
'REC',-8.1265,-34.9236
'RDU',35.8776,-78.7875
'RDP',23.6225,87.243
'RDM',44.2541,-121.15
'RCU',-33.0851,-64.2613
'RCH',11.5262,-72.926
'RCB',-28.741,32.0921
'RBR',-9.8689,-67.8981
'RBA',34.0515,-6.7515
'RAR',-21.2027,-159.806
'RAP',44.0453,-103.057
'RAO',-21.1364,-47.7767
'RAK',31.6069,-8.0363
'RAJ',22.3092,70.7795
'RAI',14.9245,-23.4935
'RAH',29.6264,43.4906
'RAE',30.9066,41.1382
'RAB',-4.3405,152.38
'QYG',,
'QXG',,
'QSZ',,
'QSF',36.1781,5.3245
'QRO',20.6173,-100.186
'QRH',,
'QQS',,
'QKL',,
'QJZ',,
'QJU',,
'QDU',,
'QAR',52.0606,5.8731
'PZU',19.4336,37.2341
'PZI',26.54,101.7985
'PZH',31.3584,69.4636
'PZB',-29.649,30.3987
'PXU',14.0045,108.017
'PXO',33.0734,-16.35
'PWQ',52.195,77.0739
'PWM',43.6462,-70.3093
'PVR',20.6801,-105.254
'PVK',38.9255,20.7653
'PVH',-8.7093,-63.9023
'PVG',31.1434,121.805
'PVD',41.7326,-71.4204
'PUY',44.8935,13.9222
'PUW',46.7439,-117.11
'PUS',35.1795,128.938
'PUQ',-53.0026,-70.8546
'PUJ',18.5674,-68.3634
'PUF',43.38,-0.4186
'PTY',9.0714,-79.3835
'PTP',16.2653,-61.5318
'PTG',-23.8453,29.4586
'PSU',0.8356,112.937
'PSS',-27.3858,-55.9707
'PSR',42.4317,14.1811
'PSP',33.8297,-116.507
'PSO',1.3963,-77.2915
'PSG',56.8017,-132.945
'PSE',18.0083,-66.563
'PSC',46.2647,-119.119
'PSA',43.6839,10.3927
'PRY',-25.6539,28.2242
'PRN',42.5728,21.0358
'PRI',-4.3193,55.6914
'PRG',50.1008,14.26
'PRA',-31.7948,-60.4804
'PQQ',-31.4358,152.863
'PQC',10.1698,103.9931
'PPT',-17.5537,-149.607
'PPP',-20.495,148.552
'PPN',2.4544,-76.6093
'PPB',-22.1751,-51.4246
'POZ',52.421,16.8263
'POS',10.5954,-61.3372
'POR',61.4617,21.8
'POP',19.7579,-70.57
'POM',-9.4434,147.22
'POL',-12.9918,40.524
'POA',-29.9944,-51.1714
'PNZ',-9.3624,-40.5691
'PNT',-51.6715,-72.5284
'PNS',30.4734,-87.1866
'PNR',-4.816,11.8866
'PNQ',18.5821,73.9197
'PNL',36.8165,11.9689
'PNK',-0.1507,109.404
'PNH',11.5466,104.844
'PNA',42.77,-1.6463
'PMY',-42.7592,-65.1027
'PMW',-10.2915,-48.357
'PMR',-40.3206,175.617
'PMO',38.176,13.091
'PMI',39.5517,2.7388
'PMC',-41.4389,-73.094
'PLZ',-33.9849,25.6173
'PLW',-0.9185,119.91
'PLU',-19.8512,-43.9506
'PLS',21.7736,-72.2659
'PLQ',55.9732,21.0939
'PLO',-34.6053,135.88
'PLM',-2.8983,104.7
'PLJ',16.537,-88.3615
'PKZ',15.1321,105.781
'PKY',-2.2251,113.943
'PKU',0.4608,101.445
'PKN',-2.7052,111.673
'PKE',-33.1314,148.239
'PKC',53.1679,158.454
'PJG',26.9545,64.1325
'PIX',38.5543,-28.4413
'PIU',-5.2057,-80.6164
'PIT',40.4915,-80.2329
'PIS',46.5877,0.3067
'PIH',42.9098,-112.596
'PIB',31.4671,-89.3371
'PIA',40.6642,-89.6933
'PHX',33.4343,-112.012
'PHW',-23.9372,31.1554
'PHL',39.8719,-75.2411
'PHF',37.1319,-76.493
'PHE',-20.3778,118.626
'PHC',5.0155,6.9496
'PGV',35.6352,-77.3853
'PGK',-2.1622,106.139
'PGH',29.0334,79.4737
'PGF',42.7404,2.8707
'PFO',34.718,32.4857
'PEZ',53.1106,45.0211
'PEW',33.9939,71.5146
'PES',61.8852,34.1547
'PER',-31.9403,115.967
'PEN',5.2971,100.277
'PEM',-12.6136,-69.2286
'PEK',40.0801,116.585
'PEI',4.8127,-75.7395
'PEE',57.9145,56.0212
'PDX',45.5887,-122.598
'PDP',-34.8551,-55.0943
'PDL',37.7412,-25.6979
'PDG',-0.7869,100.281
'PCL',-8.3779,-74.5743
'PBZ',-34.0882,23.3287
'PBO',-23.1711,117.745
'PBM',5.4528,-55.1878
'PBI',26.6832,-80.0956
'PBC',19.1581,-98.3714
'PAT',25.5913,85.088
'PAS',37.0103,25.1281
'PAP',18.58,-72.2925
'PAE',47.9063,-122.282
'PAD',51.6141,8.6163
'OZZ',30.9391,-6.9094
'OZH',47.867,35.3157
'OXB',11.8948,-15.6537
'OWB',37.7401,-87.1668
'OVD',43.5636,-6.0346
'OVB',55.0126,82.6507
'OUL',64.9301,25.3546
'OUD',34.7872,-1.924
'OUA',12.3532,-1.5124
'OTZ',66.8847,-162.599
'OTP',44.5722,26.1022
'OSY',64.4722,11.5786
'OSS',40.609,72.7933
'OSR',49.6963,18.1111
'OSN',37.0906,127.03
'OSL',60.1939,11.1004
'OSI',45.4627,18.8102
'OSD',63.1944,14.5003
'ORY',48.7253,2.3594
'ORN',35.6239,-0.6212
'ORK',51.8413,-8.4911
'ORH',42.2673,-71.8757
'ORF',36.8946,-76.2012
'ORD',41.9786,-87.9048
'ORB',59.2237,15.038
'OPO',41.2481,-8.6814
'OOM',-36.3006,148.974
'OOL',-28.1644,153.505
'ONT',34.056,-117.601
'ONS',-21.6683,115.113
'OND',-17.8782,15.9526
'OMS',54.967,73.3105
'OMR',47.0253,21.9025
'OMO',43.2829,17.8459
'OME',64.5122,-165.445
'OMA',41.3032,-95.8941
'OLB',40.8987,9.5176
'OKJ',34.7569,133.855
'OKC',35.3931,-97.6007
'OKA',26.1958,127.646
'OIT',33.4794,131.737
'OHS',,
'OHE',52.9128,122.43
'OHD',41.18,20.7423
'OGZ',43.2051,44.6066
'OGU',40.966,38.081
'OGS',44.6819,-75.4655
'OGL',6.8063,-58.1059
'OGG',20.8986,-156.43
'OER',63.4083,18.99
'ODS',46.4268,30.6765
'ODN',3.967,115.05
'OCM',-22.54,117.275
'OCC',-0.4629,-76.9868
'OAX',16.9999,-96.7266
'OAK',37.7213,-122.221
'OAJ',34.8292,-77.6121
'OAG',-33.3817,149.133
'NZL',,
'NZH',,
'NYU',21.1788,94.9302
'NYT',19.6235,96.201
'NYM',65.4809,72.6989
'NYC',,
'NWI',52.6758,1.2828
'NVT',-26.88,-48.6514
'NVA',2.9502,-75.294
'NUX',66.0694,76.5203
'NUE',49.4987,11.0669
'NTL',-32.795,151.834
'NTG',32.0708,120.976
'NTE',47.1532,-1.6107
'NSN',-41.2983,173.221
'NSK',69.3111,87.3322
'NSI',3.7226,11.5533
'NRT',35.7647,140.386
'NRN',51.6024,6.1422
'NRK',58.5863,16.2506
'NRA',-34.7022,146.512
'NQY',50.4406,-4.9954
'NQT',52.92,-1.0792
'NQN',-38.949,-68.1557
'NPL',-39.0086,174.179
'NPE',-39.4658,176.87
'NOZ',53.8114,86.8772
'NOU',-22.0146,166.213
'NOS',-13.3121,48.3148
'NOP',42.0158,35.0664
'NOJ',63.1833,75.27
'NOC',53.9103,-8.8185
'NNY',32.9808,112.615
'NNG',22.6083,108.172
'NLT',43.4318,83.3786
'NLK',-29.0416,167.939
'NLH',27.5403,100.7593
'NLD',27.4439,-99.5705
'NLA',-12.9981,28.6649
'NKT',37.3647,42.0582
'NKJ',,
'NKG',31.742,118.862
'NKC',18.0982,-15.9485
'NJF',31.9899,44.4043
'NJC',60.9493,76.4836
'NIM',13.4815,2.1836
'NIF',-21.6717,121.587
'NGY',,
'NGS',32.9169,129.914
'NGQ',32.1,80.0531
'NGO',34.8584,136.805
'NGB',29.8267,121.462
'NEV',17.2057,-62.5899
'NER',56.9139,124.914
'NDR',34.9888,-3.0282
'NDJ',12.1337,15.034
'NDG',47.2396,123.918
'NDC',19.1833,77.3167
'NCL',55.0375,-1.6917
'NCE',43.6584,7.2159
'NBX',-3.3682,135.496
'NBS',42.0669,127.6022
'NBO',-1.3192,36.9278
'NBE',36.0758,10.4386
'NBC',55.5647,52.0925
'NAY',39.7828,116.388
'NAV',38.7719,34.5345
'NAT',-5.7681,-35.3761
'NAS',25.039,-77.4662
'NAP',40.886,14.2908
'NAO',30.7955,106.1626
'NAN',-17.7554,177.443
'NAL',43.5129,43.6366
'NAJ',39.1888,45.4584
'NAG',21.0922,79.0472
'MZV',4.0483,114.805
'MZT',23.1614,-106.266
'MZR',36.7069,67.2097
'MZL',5.0296,-75.4647
'MZH',40.8294,35.522
'MZG',23.5687,119.628
'MYY',4.322,113.987
'MYR',33.6797,-78.9283
'MYJ',33.8272,132.7
'MYA',-35.8978,150.144
'MXZ',24.35,116.133
'MXP',45.6306,8.7281
'MXL',32.6306,-115.242
'MWZ',-2.4445,32.9327
'MWX',34.9914,126.3828
'MWA',37.755,-89.0111
'MVY',41.3931,-70.6143
'MVD',-34.8384,-56.0308
'MUX',30.2032,71.4191
'MUR',4.179,114.329
'MUC',48.3538,11.7861
'MUB',-19.9726,23.4311
'MTY',25.7785,-100.107
'MTT',18.1034,-94.5807
'MTR',8.8237,-75.8258
'MTJ',38.5098,-107.894
'MSY',29.9934,-90.258
'MSU',-29.4623,27.5525
'MSR',38.7478,41.6612
'MSQ',53.8825,28.0307
'MSP',44.882,-93.2218
'MSO',46.9163,-114.091
'MSN',43.1399,-89.3375
'MRZ',-29.4989,149.845
'MRY',36.587,-121.843
'MRV',44.2251,43.0819
'MRU',-20.4302,57.6836
'MRS',43.4393,5.2214
'MQX',13.4674,39.5335
'MQT',46.3536,-87.3954
'MQP',-25.3832,31.1056
'MQN',66.3639,14.3014
'MQM',37.2233,40.6317
'MQL',-34.2292,142.086
'MQF',53.3931,58.7557
'MPN',-51.8228,-58.4472
'MPM',-25.9208,32.5726
'MPL',43.5762,3.963
'MOZ',-17.49,-149.762
'MOW',,
'MOV',-22.0578,148.077
'MOL',62.7447,7.2625
'MOF',-8.6406,122.237
'MOC',-16.7069,-43.8189
'MOB',30.6912,-88.2428
'MNL',14.5086,121.02
'MMX',55.5363,13.3762
'MMO',15.1559,-23.2137
'MMK',68.7817,32.7508
'MMH',37.6241,-118.838
'MME',54.5092,-1.4294
'MMB',43.8806,144.164
'MLX',38.4353,38.091
'MLU',32.5109,-92.0377
'MLO',36.6969,24.4769
'MLN',35.2798,-2.9563
'MLM',19.8499,-101.025
'MLI',41.4485,-90.5075
'MLH',,
'MLG',-7.9266,112.715
'MLE',4.1918,73.5291
'MLB',28.1028,-80.6453
'MLA',35.8575,14.4775
'MKZ',2.2634,102.252
'MKY',-21.1717,149.18
'MKW',-0.8918,134.049
'MKQ',-8.5203,140.418
'MKM',2.9064,112.08
'MKE',42.9472,-87.8966
'MJZ',62.5347,114.039
'MJV',37.775,-0.8124
'MJU',-2.5833,119.0333
'MJT',39.0567,26.5983
'MJF',65.784,13.2149
'MIR',35.7581,10.7547
'MIM',-36.9086,149.901
'MII',-22.1969,-49.9264
'MIG',31.4281,104.741
'MID',20.937,-89.6577
'MIA',25.7932,-80.2906
'MHT',42.9326,-71.4357
'MHQ',60.1222,19.8982
'MHK',39.141,-96.6708
'MHH',26.5114,-77.0835
'MHD',36.2352,59.641
'MHC',-42.3404,-73.7157
'MGQ',2.0144,45.3047
'MGM',32.3006,-86.394
'MGF',-23.4794,-52.0122
'MGB',-37.7456,140.785
'MGA',12.1415,-86.1682
'MFR',42.3742,-122.873
'MFM',22.1496,113.592
'MFE',26.1758,-98.2386
'MEX',19.4363,-99.0721
'MEM',35.0424,-89.9767
'MEL',-37.6733,144.843
'MEI',32.3326,-88.7519
'MEH',71.0297,27.8267
'MED',24.5534,39.7051
'MEC',-0.9461,-80.6788
'MDZ',-32.8317,-68.7929
'MDW',41.786,-87.7524
'MDT',40.1935,-76.7634
'MDQ',-37.9342,-57.5733
'MDL',21.7022,95.9779
'MDG',44.5241,129.569
'MDE',6.1645,-75.4231
'MDC',1.5493,124.926
'MCZ',-9.5108,-35.7917
'MCY',-26.6033,153.091
'MCX',42.8168,47.6523
'MCT',23.5933,58.2844
'MCP',0.0507,-51.0722
'MCO',28.4294,-81.309
'MCI',39.2976,-94.7139
'MBJ',18.5037,-77.9134
'MBI',-8.917,33.467
'MBD',-25.7984,25.548
'MBA',-4.0348,39.5942
'MAR',10.5582,-71.7279
'MAO',-3.0386,-60.0497
'MAN',53.3537,-2.275
'MAM',25.7699,-97.5253
'MAH',39.8626,4.2186
'MAF',31.9425,-102.202
'MAD',40.4936,-3.5668
'MAB',-5.3686,-49.138
'MAA',12.99,80.1693
'LZY',29.3033,94.3353
'LZS',,
'LZO',28.8522,105.393
'LZH',24.2075,109.391
'LYS',45.7264,5.0908
'LYR',78.2461,15.4656
'LYP',31.365,72.9948
'LYI',35.0461,118.412
'LYH',37.3267,-79.2004
'LYG',34.5717,118.8736
'LYC',64.5483,18.7162
'LYA',34.7411,112.388
'LXS',39.9171,25.2363
'LXR',25.671,32.7066
'LXA',29.2978,90.9119
'LWY',4.8492,115.408
'LWS',46.3745,-117.015
'LWO',49.8125,23.9561
'LVI',-17.8218,25.8227
'LUZ',51.2403,22.7136
'LUX',49.6233,6.2044
'LUW',-1.0389,122.772
'LUQ',-33.2732,-66.3564
'LUN',-15.3308,28.4526
'LUM',24.4011,98.5317
'LUH',30.8547,75.9526
'LUG',46.0043,8.9106
'LTO',25.9892,-111.348
'LTN',51.8747,-0.3683
'LSY',-28.8303,153.26
'LSW',5.2267,96.9503
'LST',-41.5453,147.214
'LSI',59.8789,-1.2956
'LSE',43.879,-91.2567
'LSC',-29.9162,-71.1995
'LRT',47.7606,-3.44
'LRS',37.1849,26.8003
'LRM',18.4507,-68.9118
'LRH',46.1792,-1.1953
'LRE',-23.4342,144.28
'LRD',27.5438,-99.4616
'LPQ',19.8973,102.161
'LPL',53.3336,-2.8497
'LPK',52.7028,39.5378
'LPI',58.4062,15.6805
'LPF',,
'LPB',-16.5133,-68.1923
'LPA',27.9319,-15.3866
'LOS',6.5774,3.3212
'LOP',-8.7573,116.2767
'LON',,
'LNZ',48.2332,14.1875
'LNL',,
'LNJ',23.7381,100.025
'LMP',35.4979,12.6181
'LMN',4.8083,115.01
'LMM',25.6852,-109.081
'LLW',-13.7894,33.781
'LLV',,
'LLO',,
'LLI',11.975,38.98
'LLF',26.3387,111.61
'LLB',,
'LLA',65.5438,22.122
'LKO',26.7606,80.8893
'LKN',68.1525,13.6094
'LKL',70.0688,24.9735
'LJU',46.2237,14.4576
'LJG',26.68,100.246
'LIT',34.7294,-92.2243
'LIS',38.7813,-9.1359
'LIR',10.5933,-85.5444
'LIN',45.4451,9.2767
'LIM',-12.0219,-77.1143
'LIL',50.5658,3.104
'LIH',21.976,-159.339
'LIG',45.8628,1.1794
'LHW',36.5152,103.62
'LHR',51.4706,-0.4619
'LHE',31.5216,74.4036
'LGW',51.1481,-0.1903
'LGP',13.1575,123.735
'LGK',6.3297,99.7287
'LGB',33.8177,-118.152
'LGA',40.7772,-73.8726
'LFW',6.1656,1.2545
'LFT',30.2053,-91.9876
'LFQ',36.0431,111.4967
'LEX',38.0365,-84.6059
'LET',-4.1936,-69.9432
'LEN',42.589,-5.6556
'LEJ',51.4324,12.2416
'LEI',36.8439,-2.3701
'LED',59.8003,30.2625
'LEA',-22.2356,114.089
'LDZ',-24.7502,31.4757
'LDY',55.0428,-7.1611
'LDU',5.0322,118.324
'LDS',47.7521,129.0191
'LDH',-31.5383,159.077
'LDE',43.1787,-0.0064
'LDB',-23.3336,-51.1301
'LCY',51.5053,0.0553
'LCX',25.6747,116.747
'LCJ',51.7219,19.3981
'LCH',30.1261,-93.2233
'LCG',43.3021,-8.3773
'LCA',34.8751,33.6249
'LBV',0.4586,9.4123
'LBU',5.3007,115.25
'LBS',-16.4667,179.34
'LBJ',-8.4867,119.889
'LBD',40.2154,69.6947
'LBB',33.6636,-101.823
'LBA',53.8659,-1.6606
'LAX',33.9425,-118.408
'LAW',34.5677,-98.4166
'LAS',36.0801,-115.152
'LAP',24.0727,-110.362
'LAN',42.7787,-84.5874
'LAE',-6.5698,146.726
'LAD',-8.8584,13.2312
'KZS',36.1417,29.5764
'KZR',39.1122,30.13
'KZO',44.7069,65.5925
'KZN',55.6062,49.2787
'KYA',37.979,32.5619
'KWL',25.2181,110.039
'KWJ',35.1264,126.809
'KWI',29.2266,47.9689
'KWE',26.5385,106.801
'KVD',40.7377,46.3176
'KVA',40.9133,24.6192
'KUV',35.9038,126.616
'KUU',31.8767,77.1544
'KUT',42.1767,42.4826
'KUS',65.5736,-37.1236
'KUO',63.0071,27.7978
'KUN',54.9639,24.0848
'KUL',2.7456,101.71
'KUH',43.041,144.193
'KUF',53.5049,50.1643
'KUA',3.7754,103.209
'KTW',50.4743,19.08
'KTT',67.701,24.8468
'KTN',55.3556,-131.714
'KTM',27.6966,85.3591
'KTG',-1.8166,109.963
'KTE',4.5372,103.427
'KTA',-20.7122,116.773
'KSY',40.5622,43.115
'KSU',63.1118,7.8245
'KSN',53.2069,63.5503
'KSD',59.4447,13.3374
'KSC',48.6631,21.2411
'KRY',45.4666,84.9527
'KRT',15.5895,32.5532
'KRS',58.2042,8.0854
'KRR',45.0347,39.1705
'KRP',56.2975,9.1246
'KRO',55.4753,65.4156
'KRN',67.822,20.3368
'KRL',41.6978,86.1289
'KRK',50.0777,19.7848
'KRF',63.0486,17.7689
'KPO',35.9879,129.42
'KOW',25.8533,114.7789
'KOS',10.5797,103.637
'KOK',63.7212,23.1431
'KOJ',31.8034,130.719
'KOI',58.9578,-2.905
'KOE',-10.1716,123.671
'KOA',19.7388,-156.046
'KNX',-15.7781,128.708
'KNO',3.6422,98.8853
'KNH',24.4279,118.359
'KNG',-3.6445,133.696
'KMQ',36.3946,136.407
'KMJ',32.8373,130.855
'KMI',31.8772,131.449
'KMG',25.1019,102.9292
'KME',-2.4622,28.9079
'KLX',37.0683,22.0255
'KLU',46.6425,14.3377
'KLR',56.6855,16.2876
'KLO',11.6794,122.376
'KLF',54.55,36.3667
'KKN',69.7258,29.8913
'KKJ',33.8459,131.035
'KKE',-35.2628,173.912
'KKC',16.4666,102.784
'KJI',48.2223,86.9959
'KJH',26.972,107.988
'KJA',56.1729,92.4933
'KIX',34.4273,135.244
'KIV',46.9277,28.931
'KIT',36.2743,23.017
'KIS',-0.0861,34.7289
'KIR',52.1809,-9.5238
'KIN',17.9357,-76.7875
'KIM',-28.8028,24.7652
'KIJ',37.9559,139.121
'KHV',48.528,135.188
'KHN',28.865,115.9
'KHI',24.9065,67.1608
'KHH',22.5771,120.35
'KHG',39.5429,76.02
'KHE',46.6758,32.5064
'KGT',,
'KGS',36.7933,27.0917
'KGP',62.1904,74.5338
'KGL',-1.9686,30.1395
'KGI',-30.7894,121.462
'KGF',49.6708,73.3344
'KGD',54.89,20.5926
'KGC',-35.7139,137.521
'KFS',41.3142,33.7958
'KFE',-22.2908,119.4371
'KEM',65.7787,24.5821
'KEJ',55.2701,86.1072
'KEF',63.985,-22.6056
'KDU',35.3355,75.536
'KDI',-4.0816,122.418
'KCZ',33.5461,133.669
'KCM',37.5388,36.9535
'KCH',1.4847,110.347
'KCA',41.7181,82.9869
'KBV',8.0991,98.9862
'KBR',6.1669,102.293
'KBP',50.345,30.8947
'KBL',34.5659,69.2123
'KAO',65.9876,29.2394
'KAN',12.0476,8.5246
'KAJ',64.2855,27.6924
'KAD',10.696,7.3201
'JZH',32.8533,103.6822
'JYV',62.3995,25.6783
'JXA',45.293,131.193
'JUZ',28.9658,118.899
'JUL',-15.4671,-70.1582
'JUJ',-24.3928,-65.0978
'JUH',30.7403,117.6856
'JUB',4.872,31.6011
'JTR',36.3992,25.4793
'JTC',-22.1669,-49.0503
'JSR',23.1838,89.1608
'JSJ',,
'JSI',39.1771,23.5037
'JSH',35.2161,26.1013
'JRO',-3.4294,37.0745
'JRH',26.7315,94.1755
'JPA',-7.1458,-34.9486
'JOI',-26.2245,-48.7974
'JOG',-7.7882,110.432
'JOE',62.6629,29.6075
'JNZ',41.1014,121.062
'JNX',37.0811,25.3681
'JNU',58.355,-134.576
'JNG',35.2928,116.3467
'JNB',-26.1392,28.246
'JMU',46.8434,130.465
'JMK',37.4351,25.3481
'JMJ',,
'JLR',23.1778,80.052
'JLN',37.1518,-94.4983
'JKH',38.3432,26.1406
'JKG',57.7576,14.0687
'JJN',24.7964,118.59
'JJG',-28.6753,-49.0596
'JJD',,
'JIQ',29.5133,108.8311
'JIM',7.6661,36.8166
'JIK',37.6827,26.3471
'JIC',38.5422,102.3483
'JIB',11.5473,43.1595
'JHG',21.9739,100.76
'JHB',1.6413,103.67
'JGS',26.8569,114.737
'JGN',39.8569,98.3414
'JGD',50.375,124.1167
'JGA',22.4655,70.0126
'JFK',40.6398,-73.7789
'JER',49.2079,-2.1955
'JEK',-15.6334,29.6036
'JED',21.6796,39.1565
'JDZ',29.3386,117.176
'JDO',-7.219,-39.2701
'JDH',26.2511,73.0489
'JBB',-8.2381,113.6944
'JAX',30.4941,-81.6879
'JAU',-11.7831,-75.4734
'JAN',32.3112,-90.0759
'JAI',26.8242,75.8122
'JAE',-5.5925,-78.774
'JAC',43.6073,-110.738
'IZA',-21.5131,-43.1731
'IXZ',11.6412,92.7297
'IXU',19.8627,75.3981
'IXS',24.9129,92.9787
'IXR',23.3143,85.3217
'IXP',32.2338,75.6346
'IXM',9.8345,78.0934
'IXL',34.1359,77.5465
'IXJ',32.6891,74.8374
'IXI',27.2955,94.0976
'IXG',15.8593,74.6183
'IXE',12.9613,74.8901
'IXD',25.4401,81.7339
'IXC',30.6735,76.7885
'IXB',26.6812,88.3286
'IXA',23.887,91.2404
'IWK',34.1439,132.236
'IVL',68.6073,27.4053
'IVC',-46.4124,168.313
'IUE',-19.079,-169.9256
'ITO',19.7214,-155.048
'ITM',34.7855,135.438
'ITH',42.491,-76.4584
'ISU',35.5617,45.3167
'IST',40.9769,28.8146
'ISP',40.7952,-73.1002
'ISL',10.9367,-65.2233
'ISK',20.1191,73.9129
'ISG',24.3445,124.187
'ISB',33.6167,73.0992
'ISA',-20.6639,139.489
'IRJ',-29.3816,-66.7958
'IQT',-3.7847,-73.3088
'IQQ',-20.5352,-70.1813
'IQN',35.7997,107.603
'IQM',38.1494,85.5328
'IPT',41.2418,-76.9211
'IPN',-19.4707,-42.4876
'IPH',4.568,101.092
'IPC',-27.1648,-109.422
'IOS',-14.816,-39.0332
'IOM',54.0833,-4.6239
'IOA',39.6964,20.8225
'INV',57.5425,-4.0475
'INN',47.2602,11.344
'INI',43.3373,21.8537
'IND',39.7173,-86.2944
'INC',38.4819,106.009
'IMP',-5.5313,-47.46
'IMF',24.76,93.8967
'ILY',55.6819,-6.2567
'ILO',10.833,122.4934
'ILM',34.2706,-77.9026
'ILD',41.7282,0.535
'IKT',52.268,104.389
'IKA',35.4161,51.1522
'IJK',56.8281,53.4575
'IGU',-25.6003,-54.485
'IGT',43.3223,45.0126
'IGR',-25.7373,-54.4734
'IGD',39.9766,43.8766
'IFO',48.8842,24.6861
'IFN',32.7508,51.8613
'IEV',50.4017,30.4497
'IEG',52.1385,15.7986
'IDR',22.7218,75.8011
'ICT',37.6499,-97.4331
'ICN',37.4691,126.451
'IBZ',38.8729,1.3731
'IBE',4.4216,-75.1333
'IAS',47.1785,27.6206
'IAH',29.9844,-95.3414
'IAD',38.9445,-77.4558
'HZH',26.3222,109.1499
'HZG',33.0636,107.008
'HZD',,
'HYN',28.5622,121.429
'HYD',17.2313,78.4299
'HYA',41.6693,-70.2804
'HXD',37.1253,97.2687
'HVN',41.2637,-72.8868
'HVG',71.0097,25.9836
'HVB',-25.3189,152.88
'HUZ',23.05,114.6
'HUY',53.5744,-0.3508
'HUX',15.7753,-96.2626
'HUU',-9.8788,-76.2048
'HUO',,
'HUN',24.0231,121.618
'HUI',16.4015,107.703
'HTY',36.3628,36.2822
'HTT',38.202,90.8415
'HTS',38.3667,-82.558
'HTN',37.0385,79.8649
'HTI',-20.3581,148.952
'HTA',52.0263,113.306
'HSV',34.6372,-86.7751
'HSN',29.9342,122.362
'HSG',33.1497,130.302
'HRL',26.2285,-97.6544
'HRK',49.9248,36.29
'HRG',27.1783,33.7994
'HRE',-17.9318,31.0928
'HRB',45.6234,126.25
'HPN',41.067,-73.7076
'HPH',20.8194,106.725
'HPG',31.626,110.34
'HOV',62.18,6.0741
'HOU',29.6454,-95.2789
'HOR',38.5199,-28.7159
'HOM',59.6456,-151.477
'HOG',20.7856,-76.3151
'HOF',25.2853,49.4852
'HNY',26.9053,112.628
'HNL',21.3187,-157.922
'HND',35.5523,139.78
'HNA',39.4286,141.135
'HMO',29.0959,-111.048
'HMI',42.8414,93.6692
'HME',31.673,6.1404
'HMB',26.3428,31.7428
'HMA',61.0285,69.0861
'HLZ',-37.8667,175.332
'HLN',46.6068,-111.983
'HLH',46.1953,122.0083
'HLE',,
'HLD',49.205,119.825
'HLA',-25.9385,27.9261
'HKT',8.1132,98.3169
'HKN',-5.4622,150.405
'HKK',-42.7136,170.985
'HKG',22.3089,113.915
'HKD',41.77,140.822
'HJR',24.8172,79.9186
'HJJ',27.4411,109.7
'HIR',-9.428,160.055
'HIN',35.0885,128.07
'HIJ',34.4361,132.919
'HID',-10.5864,142.29
'HIA',33.7908,119.125
'HHS',,
'HHH',32.2244,-80.6975
'HGU',-5.8268,144.296
'HGH',30.2295,120.434
'HGA',9.5182,44.0888
'HFT',70.6797,23.6686
'HFE',31.78,117.298
'HET',40.8514,111.824
'HER',35.3397,25.1803
'HEL',60.3172,24.9633
'HEK',50.1716,127.3089
'HEH',20.747,96.792
'HDY',6.9332,100.393
'HDS',-24.3686,31.0487
'HDN',40.4812,-107.218
'HDG',36.5258,114.4256
'HDF',53.8787,14.1523
'HCJ',24.805,107.6997
'HBX',15.3617,75.0849
'HBQ',,
'HBE',30.9177,29.6964
'HBA',-42.8361,147.51
'HAV',22.9892,-82.4091
'HAU',59.3453,5.2084
'HAS',27.4379,41.6863
'HAN',21.2212,105.807
'HAM',53.6304,9.9882
'HAK',19.9349,110.459
'HAJ',52.4611,9.6851
'HAH',-11.5337,43.2719
'GZT',36.9472,37.4787
'GZP',36.2992,32.3006
'GYU',36.0789,106.2169
'GYS',32.3911,105.702
'GYN',-16.632,-49.2207
'GYL',-16.6369,128.451
'GYE',-2.1574,-79.8836
'GYD',40.4675,50.0467
'GXH',34.8105,102.6447
'GWT',54.9132,8.3405
'GWL',26.2933,78.2278
'GWD',25.2333,62.3295
'GVR',-18.8952,-41.9822
'GVA',46.2381,6.109
'GUW',47.1219,51.8214
'GUM',13.4834,144.796
'GUC',38.5339,-106.933
'GUA',14.5833,-90.5275
'GTO',0.6371,122.85
'GTF',47.482,-111.371
'GTE',-13.975,136.46
'GST',58.4253,-135.707
'GSP',34.8957,-82.2189
'GSO',36.0978,-79.9373
'GRZ',46.9911,15.4396
'GRX',37.1887,-3.7774
'GRW',39.0922,-28.0298
'GRV',43.3883,45.6986
'GRU',-23.4356,-46.4731
'GRR',42.8808,-85.5228
'GRQ',53.1197,6.5794
'GRO',41.901,2.7606
'GRK',31.0672,-97.8289
'GRJ',-34.0056,22.3789
'GRI',40.9675,-98.3096
'GRB',44.4851,-88.1296
'GPT',30.4073,-89.0701
'GPS',-0.4538,-90.2659
'GPA',38.1511,21.4256
'GOV',-12.2694,136.818
'GOT',57.6628,12.2798
'GOQ',36.4006,94.7861
'GOP',26.7397,83.4497
'GOM',-1.6708,29.2385
'GOJ',56.2301,43.784
'GOI',15.3808,73.8314
'GOA',44.4133,8.8375
'GNY',37.4457,38.8956
'GNV',29.6901,-82.2718
'GNS',1.1664,97.7047
'GND',12.0042,-61.7862
'GNB',45.3629,5.3294
'GMZ',28.0296,-17.2146
'GMQ',34.4181,100.3011
'GMP',37.5583,126.791
'GMB',8.1288,34.5631
'GLT',-23.8697,151.223
'GLA',55.8719,-4.4331
'GJT',39.1224,-108.527
'GIZ',16.9011,42.5858
'GIS',-38.6633,177.978
'GIL',35.9188,74.3336
'GIG',-22.81,-43.2506
'GIB',36.1512,-5.3497
'GGT',23.5626,-75.878
'GGG',32.384,-94.7115
'GFK',47.9493,-97.1761
'GFF',-34.2508,146.067
'GEV',67.1324,20.8146
'GET',-28.7961,114.707
'GES',6.058,125.096
'GEO',6.4985,-58.2541
'GEG',47.6199,-117.534
'GDZ',44.5821,38.0125
'GDX',59.911,150.72
'GDQ',12.5199,37.434
'GDN',54.3776,18.4662
'GDL',20.5218,-103.311
'GCM',19.2928,-81.3577
'GCK',37.9275,-100.724
'GCI',49.435,-2.602
'GBW',-22.5812,120.0355
'GBE',-24.5552,25.9182
'GBB',40.8267,47.7125
'GAY',24.7443,84.9512
'GAU',26.1061,91.5859
'GAN',-0.6933,73.1556
'GAJ',38.4119,140.371
'FYN',,
'FYJ',48.1995,134.3664
'FYG',,
'FWA',40.9785,-85.1951
'FUK',33.5859,130.451
'FUG',32.8822,115.7344
'FUE',28.4527,-13.8638
'FTE',-50.2803,-72.0531
'FSZ',34.796,138.1878
'FSM',35.3366,-94.3674
'FSD',43.582,-96.7419
'FSC',41.5006,9.0978
'FSA',,
'FRU',43.0613,74.4776
'FRS',16.9138,-89.8664
'FRO',61.5836,5.0247
'FRA',50.0264,8.5431
'FPO',26.5587,-78.6956
'FOR',-3.7763,-38.5326
'FOC',25.9351,119.663
'FNT',42.9654,-83.7436
'FNJ',39.2241,125.67
'FNC',32.6979,-16.7745
'FNA',8.6164,-13.1955
'FMO',52.1346,7.6848
'FMA',-26.2127,-58.2281
'FLZ',,
'FLW',39.4553,-31.1314
'FLR',43.81,11.2051
'FLO',34.1854,-79.7239
'FLN',-27.6703,-48.5525
'FLL',26.0726,-80.1527
'FLG',35.1385,-111.671
'FLA',1.5892,-75.5644
'FKB',48.7794,8.0805
'FIH',-4.3857,15.4446
'FEZ',33.9273,-4.978
'FEN',-3.8549,-32.4233
'FDH',47.6713,9.5115
'FDF',14.591,-61.0032
'FDE',61.3911,5.7569
'FCO',41.8045,12.2508
'FCA',48.3105,-114.256
'FBM',-11.5913,27.5309
'FAY',34.9912,-78.8803
'FAT',36.7762,-119.718
'FAR',46.9207,-96.8158
'FAO',37.0144,-7.9659
'FAI',64.8151,-147.856
'FAE',62.0636,-7.2772
'EZS',38.6069,39.2914
'EZE',-34.8222,-58.5358
'EYW',24.5561,-81.7596
'EYP',5.3191,-72.384
'EXT',50.7344,-3.4139
'EWR',40.6925,-74.1687
'EWN',35.073,-77.0429
'EVV',38.037,-87.5324
'EVN',40.1473,44.3959
'EVE',68.4913,16.6781
'EUX',17.4965,-62.9794
'EUN',27.1517,-13.2192
'EUG',44.1246,-123.212
'ETZ',48.9821,6.2513
'ETH',29.5613,34.9601
'ESU',31.3975,-9.6817
'ESB',40.1281,32.9951
'ERZ',39.9565,41.1702
'ERS',-22.6122,17.0804
'ERL',43.4225,112.0967
'ERI',42.0831,-80.1739
'ERH',31.9475,-4.3983
'ERC',39.7102,39.527
'EQS',-42.908,-71.1395
'ENY',36.6369,109.554
'ENU',6.4743,7.562
'ENH',30.3203,109.485
'ENE',-8.8493,121.661
'EMD',-23.5675,148.179
'EMA',52.8311,-1.3281
'ELS',-33.0356,27.8259
'ELQ',26.3028,43.7744
'ELP',31.8072,-106.378
'ELH',25.4749,-76.6835
'ELC',-12.0194,135.571
'EKS',49.1903,142.083
'EJN',42.0155,101.0005
'EJH',26.1986,36.4764
'EJA',7.0243,-73.8068
'EIS',18.4448,-64.543
'EGS',65.2833,-14.4014
'EGO',50.6438,36.5901
'EGM',-8.5789,157.876
'EGE',39.6426,-106.918
'EGC',44.8253,0.5186
'EFL',38.1201,20.5005
'EDO',39.5546,27.0138
'EDI',55.95,-3.3725
'ECP',30.3417,-85.7973
'ECN',35.1547,33.4961
'EBL',36.2376,43.9632
'EBB',0.0424,32.4435
'EAT',47.3989,-120.207
'EAS',43.3565,-1.7906
'DZA',-12.8047,45.2811
'DYU',38.5433,68.825
'DYG',29.1028,110.443
'DXB',25.2528,55.3644
'DWD',24.5,44.4
'DWC',24.8964,55.1614
'DVO',7.1255,125.646
'DUT',53.9001,-166.544
'DUS',51.2895,6.7668
'DUR',-29.6144,31.1197
'DUD',-45.9281,170.198
'DUB',53.4213,-6.2701
'DTW',42.2124,-83.3534
'DTU',,
'DTM',51.5183,7.6122
'DTB',2.2597,98.9919
'DSS',,
'DSN',39.49,109.8614
'DSM',41.534,-93.6631
'DSE',11.0825,39.7114
'DSA',53.4805,-1.0107
'DRW',-12.4147,130.877
'DRT',29.3742,-100.927
'DRS',51.1328,13.7672
'DRO',37.1515,-107.754
'DQM',,
'DQA',46.7464,125.1406
'DPS',-8.7482,115.167
'DPO',-41.1697,146.43
'DOY',37.5086,118.788
'DOM',15.547,-61.3
'DOL',49.3653,0.1543
'DOH',25.2731,51.6081
'DNZ',37.7856,29.7013
'DNK',48.3572,35.1006
'DNH',40.1611,94.8092
'DMU',25.8839,93.7711
'DMS',,
'DMM',26.4712,49.7979
'DMK',13.9126,100.607
'DME',55.4088,37.9063
'DMB',42.8536,71.3036
'DLU',25.6494,100.319
'DLM',36.7131,28.7925
'DLI',11.75,108.367
'DLH',46.8421,-92.1936
'DLG',59.0447,-158.505
'DLC',38.9657,121.539
'DLA',4.0061,9.7195
'DKR',14.7397,-17.4902
'DJJ',-2.577,140.516
'DJE',33.875,10.7755
'DJB',-1.638,103.644
'DIY',37.8939,40.201
'DIU',20.7131,70.9211
'DIR',9.6247,41.8542
'DIN',21.3975,103.008
'DIL',-8.5464,125.526
'DIG',27.7936,99.6772
'DIB',27.4839,95.0169
'DHM',32.1651,76.2634
'DGO',24.1242,-104.528
'DFW',32.8968,-97.038
'DEN',39.8617,-104.673
'DEL',28.5665,77.1031
'DED',30.1897,78.1803
'DEA',29.961,70.4859
'DDV',,
'DDG',40.0247,124.286
'DDB',,
'DCY',,
'DCM',43.5563,2.2892
'DCA',38.8521,-77.0377
'DBV',42.5614,18.2682
'DBQ',42.402,-90.7095
'DBO',-32.2167,148.575
'DBC',45.5053,123.0198
'DAY',39.9024,-84.2194
'DAX',31.1302,107.4295
'DAT',40.0603,113.482
'DAR',-6.8781,39.2026
'DAL',32.8471,-96.8518
'DAD',16.0439,108.199
'DAC',23.8433,90.3978
'DAB',29.1799,-81.0581
'CZX',31.9197,119.779
'CZU',9.3327,-75.2856
'CZS',-7.5999,-72.7695
'CZM',20.5224,-86.9256
'CZL',36.276,6.6204
'CYS',41.1557,-104.812
'CYB',19.687,-79.8828
'CXR',11.9982,109.219
'CXJ',-29.1971,-51.1875
'CXI',1.9862,-157.35
'CXB',21.4522,91.9639
'CWL',51.3967,-3.3433
'CWJ',,
'CWC',48.2593,25.9808
'CWB',-25.5285,-49.1758
'CWA',44.7776,-89.6668
'CVU',39.6715,-31.1136
'CVQ',-24.8802,113.6717
'CVG',39.0488,-84.6678
'CUZ',-13.5357,-71.9388
'CUU',28.7029,-105.965
'CUR',12.1889,-68.9598
'CUN',21.0365,-86.8771
'CUL',24.7645,-107.475
'CUE',-2.8895,-78.9844
'CUC',7.9276,-72.5115
'CTU',30.5785,103.947
'CTS',42.7752,141.692
'CTL',-26.4133,146.262
'CTG',10.4424,-75.513
'CTC',-28.5956,-65.7517
'CTA',37.4668,15.0664
'CSX',28.1892,113.22
'CRW',38.3731,-81.5932
'CRP',27.7704,-97.5012
'CRL',50.4592,4.4538
'CRK',15.186,120.56
'CRD',-45.7853,-67.4655
'CPX',18.3133,-65.3043
'CPV',-7.2699,-35.8964
'CPT',-33.9648,18.6017
'CPO',-27.2612,-70.7792
'CPH',55.6179,12.656
'CPE',19.8168,-90.5003
'CPD',-29.04,134.721
'CPC',-40.0754,-71.1373
'COU',38.8181,-92.2196
'COS',38.8058,-104.701
'COR',-31.3236,-64.208
'COO',6.3572,2.3844
'COK',10.152,76.4019
'CNX',18.7668,98.9626
'CNS',-16.8858,145.755
'CNQ',-27.4455,-58.7619
'CNJ',-20.6686,140.504
'CNF',-19.6244,-43.9719
'CND',44.3622,28.4883
'CMW',21.4203,-77.8475
'CMN',33.3675,-7.59
'CMI',40.0392,-88.2781
'CMH',39.998,-82.8919
'CMF',45.6381,5.8802
'CME',18.6537,-91.799
'CMB',7.1808,79.8841
'CLY',42.5308,8.7932
'CLV',-17.7253,-48.6075
'CLT',35.214,-80.9431
'CLQ',19.277,-103.577
'CLO',3.5432,-76.3816
'CLL',30.5886,-96.3638
'CLJ',46.7852,23.6862
'CLE',41.4117,-81.8498
'CKY',9.5769,-13.612
'CKW',-22.3543,119.6426
'CKS',-6.1153,-50.0014
'CKG',29.7192,106.642
'CJU',33.5113,126.493
'CJS',31.6361,-106.429
'CJL',35.8866,71.8006
'CJJ',36.7166,127.499
'CJF',-22.9667,118.813
'CJC',-22.4982,-68.9036
'CJB',11.03,77.0434
'CJA',-7.1392,-78.4894
'CIY',36.9946,14.6072
'CIX',-6.7875,-79.8281
'CIT',42.3642,69.4789
'CIH',36.2475,113.126
'CIF',42.235,118.908
'CID',41.8847,-91.7108
'CHS',32.8986,-80.0405
'CHQ',35.5317,24.1497
'CHO',38.1386,-78.4529
'CHG',41.5381,120.435
'CHC',-43.4894,172.532
'CHA',35.0353,-85.2038
'CGY',8.6122,124.4565
'CGR',-20.4687,-54.6725
'CGQ',43.9962,125.685
'CGP',22.2496,91.8133
'CGO',34.5197,113.841
'CGN',50.8659,7.1427
'CGK',-6.1256,106.656
'CGH',-23.6261,-46.6564
'CGD',28.9189,111.64
'CGB',-15.6529,-56.1167
'CFW',,
'CFU',39.6019,19.9117
'CFS',-30.3206,153.116
'CFR',49.1733,-0.45
'CFN',55.0442,-8.341
'CFK',36.2127,1.3318
'CFE',45.7867,3.1692
'CEN',27.3926,-109.833
'CEK',55.3058,61.5033
'CEI',19.9523,99.8829
'CED',-32.1306,133.71
'CEB',10.3075,123.979
'CDV',60.4918,-145.478
'CDG',49.0128,2.55
'CDE',,
'CDB',55.2061,-162.725
'CCU',22.6547,88.4467
'CCS',10.6031,-66.9906
'CCP',-36.7727,-73.0631
'CCK',-12.1883,96.8339
'CCJ',11.1368,75.9553
'CCC',22.461,-78.3284
'CBR',-35.3069,149.195
'CBG',52.205,0.175
'CBB',-17.4211,-66.1771
'CAY',4.8198,-52.3604
'CAP',19.733,-72.1947
'CAN',23.3924,113.299
'CAK',40.9161,-81.4422
'CAI',30.1219,31.4056
'CAH',9.1777,105.1778
'CAG',39.2515,9.0543
'CAE',33.9388,-81.1195
'BZV',-4.2517,15.253
'BZN',45.7775,-111.153
'BZL',22.801,90.3012
'BZK',53.2142,34.1764
'BZG',53.0968,17.9777
'BZE',17.5391,-88.3082
'BYP',-22.6739,119.166
'BWX',-8.3102,114.3401
'BWT',-40.9989,145.731
'BWN',4.9442,114.928
'BWI',39.1754,-76.6683
'BVG',70.8714,29.0342
'BVE',45.0397,1.4856
'BVC',16.1365,-22.8889
'BVB',2.8414,-60.6922
'BVA',49.4544,2.1128
'BUW',-5.4869,122.569
'BUS',41.6103,41.5997
'BUR',34.2007,-118.359
'BUQ',-20.0174,28.6179
'BUP',30.2701,74.7558
'BUF',42.9405,-78.7322
'BUD',47.4369,19.2556
'BTV',44.4719,-73.1533
'BTU',3.1239,113.02
'BTR',30.5332,-91.1496
'BTK',56.3706,101.698
'BTJ',5.5229,95.4206
'BTH',1.121,104.119
'BTC',7.7058,81.6788
'BSR',30.5491,47.6621
'BSL',47.59,7.5292
'BSD',25.0533,99.1683
'BSB',-15.8692,-47.9208
'BRW',71.2854,-156.766
'BRU',50.9014,4.4844
'BRS',51.3827,-2.7191
'BRQ',49.1513,16.6944
'BRO',25.9068,-97.4259
'BRN',46.9141,7.4971
'BRI',41.1389,16.7606
'BRE',53.0475,8.7867
'BRC',-41.1512,-71.1575
'BRA',-12.0789,-45.009
'BQS',50.4254,127.412
'BQN',18.4949,-67.1294
'BQC',,
'BQB',-33.6884,115.4016
'BPX',30.5536,97.1083
'BPT',29.9508,-94.0207
'BPS',-16.4386,-39.0809
'BPN',-1.2683,116.894
'BPL',44.895,82.3
'BPE',39.6664,119.0589
'BOS',42.3643,-71.0052
'BOO',67.2692,14.3653
'BON',12.131,-68.2685
'BOM',19.0887,72.8679
'BOJ',42.5696,27.5152
'BOI',43.5644,-116.223
'BOG',4.7016,-74.1469
'BOD',44.8283,-0.7156
'BOB',-16.4444,-151.751
'BNN',65.4611,12.2175
'BNK',-28.8339,153.562
'BNE',-27.3842,153.117
'BNA',36.1245,-86.6782
'BMV',12.6683,108.12
'BMU',-8.5396,118.687
'BMI',40.4771,-88.9159
'BME',-17.9447,122.232
'BMA',59.3544,17.9417
'BLZ',-15.6791,34.974
'BLR',13.1979,77.7063
'BLQ',44.5354,11.2887
'BLL',55.7403,9.1518
'BLI',48.7928,-122.538
'BKS',-3.8637,102.339
'BKO',12.5335,-7.9499
'BKK',13.6811,100.747
'BKI',5.9372,116.051
'BKB',28.0706,73.2072
'BJZ',38.8913,-6.8213
'BJX',20.9935,-101.481
'BJV',37.2506,27.6643
'BJM',-3.324,29.3185
'BJL',13.338,-16.6522
'BJF',70.6005,29.6914
'BJA',36.712,5.0699
'BIS',46.7727,-100.746
'BIQ',43.4684,-1.5233
'BIO',43.3011,-2.9106
'BIL',45.8077,-108.543
'BIK',-1.19,136.108
'BIA',42.5527,9.4837
'BHY',21.5394,109.294
'BHX',52.4539,-1.748
'BHV',29.3481,71.718
'BHU',21.7522,72.1852
'BHS',-33.4094,149.652
'BHQ',-32.0014,141.472
'BHO',23.2875,77.3374
'BHM',33.5629,-86.7535
'BHK',39.775,64.4833
'BHJ',23.2878,69.6702
'BHI',-38.725,-62.1693
'BHH',19.9844,42.6209
'BHE',-41.5183,173.87
'BHD',54.6181,-5.8725
'BHB',44.45,-68.3615
'BGY',45.6739,9.7042
'BGW',33.2625,44.2346
'BGR',44.8074,-68.8281
'BGO',60.2934,5.2181
'BGI',13.0746,-59.4925
'BGG',38.8593,40.596
'BGF',4.3985,18.5188
'BGA',7.1265,-73.1848
'BFS',54.6575,-6.2158
'BFN',-29.0927,26.3024
'BFL',35.4336,-119.057
'BFJ',27.2671,105.4721
'BEY',33.8209,35.4884
'BEW',-19.7964,34.9076
'BET',60.7798,-161.838
'BES',48.4479,-4.4185
'BER',,
'BEL',-1.3793,-48.4763
'BEJ',2.1555,117.432
'BEG',44.8184,20.3091
'BEB',57.4811,-7.3628
'BDS',40.6576,17.947
'BDQ',22.3362,73.2263
'BDO',-6.9006,107.576
'BDL',41.9389,-72.6832
'BDJ',-3.4424,114.763
'BDB',-24.9039,152.319
'BDA',32.364,-64.6787
'BCN',41.2971,2.0785
'BCM',46.5219,26.9103
'BCI',-23.5653,145.307
'BBN',3.7339,115.479
'BBK',-17.8329,25.1624
'BBI',20.2444,85.8178
'BBA',-45.9161,-71.6895
'BAX',53.3638,83.5385
'BAV',40.56,109.997
'BAR',,
'BAQ',10.8896,-74.7808
'BAL',37.929,41.1166
'BAH',26.2708,50.6336
'AZS',19.267,-69.742
'AZO',42.2349,-85.5521
'AZA',33.3078,-111.655
'AYT',36.8987,30.8005
'AYQ',-25.1861,130.976
'AYP',-13.1548,-74.2044
'AXT',39.6156,140.219
'AXM',4.4528,-75.7664
'AXF',38.8241,105.626
'AXD',40.8559,25.9563
'AXA',18.2048,-63.0551
'AWZ',31.3374,48.762
'AWA',7.067,38.5
'AVV',-38.0394,144.469
'AVP',41.3385,-75.7234
'AVL',35.4362,-82.5418
'AVA',26.2606,105.8733
'AUX',-7.2279,-48.2405
'AUS',30.1945,-97.6699
'AUR',44.8914,2.4219
'AUH',24.433,54.6511
'AUA',12.5014,-70.0152
'ATZ',27.0465,31.012
'ATW',44.2581,-88.5191
'ATQ',31.7096,74.7973
'ATL',33.6367,-84.4281
'ATH',37.9364,23.9445
'ASW',23.9644,32.82
'ASU',-25.24,-57.52
'ASR',38.7704,35.4954
'ASP',-23.8067,133.902
'ASM',15.2919,38.9107
'ASF',46.2833,48.0063
'ASE',39.2232,-106.869
'ASB',37.9868,58.361
'ART',43.9919,-76.0217
'ARN',59.6519,17.9186
'ARM',-30.5281,151.617
'ARK',-3.3678,36.6333
'ARI',-18.3485,-70.3387
'ARH',64.6003,40.7167
'AQP',-16.3411,-71.5831
'AQJ',29.6116,35.0181
'AQI',28.3352,46.1251
'AQG',30.5822,117.05
'APW',-13.83,-172.008
'APL',-15.1056,39.2818
'AOR',6.1897,100.398
'AOK',35.4214,27.146
'AOJ',40.7347,140.691
'AOI',43.6163,13.3623
'AOG',41.1053,122.854
'ANX',69.2925,16.1442
'ANU',17.1367,-61.7927
'ANF',-23.4445,-70.4451
'ANC',61.1744,-149.996
'AMS',52.3086,4.7639
'AMQ',-3.7103,128.089
'AMM',31.7226,35.9932
'AMH',6.0394,37.5905
'AMD',23.0772,72.6347
'AMA',35.2194,-101.706
'ALW',46.0949,-118.288
'ALO',42.5571,-92.4003
'ALH',-34.9433,117.809
'ALG',36.691,3.2154
'ALF',69.9761,23.3717
'ALC',38.2822,-0.5582
'ALB',42.7483,-73.8017
'ALA',43.3521,77.0405
'AKX',50.2458,57.2067
'AKV',60.8186,-78.1486
'AKU',41.2625,80.2917
'AKN',58.6768,-156.649
'AKL',-37.0081,174.792
'AKJ',43.6708,142.447
'AJU',-10.984,-37.0703
'AJR',65.5903,19.2819
'AJL',23.8406,92.6197
'AJI',39.6545,43.026
'AJF',29.7851,40.1
'AJA',41.9236,8.8029
'AIT',-18.8309,-159.764
'AHO',40.6321,8.2908
'AHJ',32.5315,102.3522
'AHB',18.2404,42.6566
'AGX',10.8237,72.176
'AGU',21.7056,-102.318
'AGS',33.3699,-81.9645
'AGR',27.1558,77.9609
'AGP',36.6749,-4.4991
'AGH',56.2961,12.8471
'AGF',44.1747,0.5906
'AGA',30.325,-9.4131
'AFA',-34.5883,-68.4039
'AEY',65.66,-18.0727
'AEX',31.3274,-92.5498
'AES',62.5625,6.1197
'AER',43.4499,39.9566
'AEP',-34.5592,-58.4156
'AEB',23.7206,106.96
'ADZ',12.5836,-81.7112
'ADQ',57.75,-152.494
'ADL',-34.945,138.531
'ADK',51.878,-176.646
'ADF',37.7314,38.4689
'ADD',8.9779,38.7993
'ADB',38.2924,27.157
'ADA',36.9822,35.2804
'ACX',25.0864,104.9594
'ACT',31.6113,-97.2305
'ACK',41.2531,-70.0602
'ACH',47.485,9.5608
'ACE',28.9455,-13.6052
'ACC',5.6052,-0.1668
'ACA',16.7571,-99.754
'ABZ',57.2019,-2.1978
'ABX',-36.0678,146.958
'ABV',9.0068,7.2632
'ABT',20.2961,41.6343
'ABS',22.376,31.6117
'ABQ',35.0402,-106.609
'ABM',-10.9508,142.459
'ABJ',5.2614,-3.9263
'ABI',32.4113,-99.6819
'ABE',40.6521,-75.4408
'ABA',53.74,91.385
'AAT',47.7499,88.0858
'AAR',56.3,10.619
'AAQ',45.0021,37.3473
'AAN',24.2617,55.6092
'AAL',57.0928,9.8492
'AAE',36.8222,7.8092
